Ilia,Greck,igrock667@gmail.com,Greck$1234.
a,Laber,alaber199@mail.com,Alaber$123.
Anka,a,alaber781@mail.com,Alaber@123.
Ivan,Ivanov,ivanov992@gm.com,Ivanov@123.
Alex,Berger,aberger454@gmail.com,Abc123
@!#$%&*,*******,lenk907@gmail.com,ABC1234
Ilia,Greck,igreck346@gmail.com,BBBB1234
aaaaaaaaaaaaaaaaaaaaaaaaa,aaaaaaaaaaaaaaaaaaaaaaaaaaaaa,n9823@a.com,asd12345
Vasilii,Vasiliev,vas22345a@mail.com,ABCDEFGHI
Andreas,Grein,grom8917@mail.md,122345555